Temperature (K),Pressure (Pa),Density (kg/m3)
150.0,100000.0,1.3054823808402622
150.0,225641.02564102563,3.0037620205880833
150.0,351282.05128205125,4.774067704390463
150.0,476923.07692307694,6.625858185031084
150.0,602564.1025641025,8.570802583162903
150.0,728205.1282051282,10.623701241040632
150.0,853846.1538461539,12.803983737861639
150.0,979487.1794871795,15.1382946439163
150.0,1105128.205128205,358.06023122416633
150.0,1230769.2307692308,358.3701585270767
150.0,1356410.2564102565,358.6775382746347
150.0,1482051.282051282,358.98242261447047
150.0,1607692.3076923077,359.2848619739227
150.0,1733333.3333333333,359.58490513808846
150.0,1858974.358974359,359.8825993233809
150.0,1984615.3846153845,360.1779902469137
150.0,2110256.41025641,360.4711221919918
150.0,2235897.435897436,360.7620380699804
150.0,2361538.4615384615,361.05077947878436
150.0,2487179.487179487,361.3373867581697
150.0,2612820.512820513,361.621899042128
150.0,2738461.5384615385,361.90435430847907
150.0,2864102.564102564,362.1847894258822
150.0,2989743.5897435895,362.4632401984255
150.0,3115384.6153846155,362.739741407937
150.0,3241025.641025641,363.0143268541675
150.0,3366666.6666666665,363.28702939296284
150.0,3492307.6923076925,363.5578809725589
150.0,3617948.717948718,363.8269126681004
150.0,3743589.7435897435,364.0941547144966
150.0,3869230.769230769,364.3596365377064
150.0,3994871.794871795,364.6233867845437
150.0,4120512.8205128205,364.88543335108983
150.0,4246153.846153846,365.14580340978983
150.0,4371794.871794872,365.4045234353059
150.0,4497435.897435897,365.6616192292004
150.0,4623076.923076923,365.9171159434722
150.0,4748717.948717949,366.1710381032065
150.0,4874358.974358974,366.42340962793315
150.0,5000000.0,366.6742538523278
156.4102564102564,100000.0,1.2498439555329082
156.4102564102564,225641.02564102563,2.8689144645682885
156.4102564102564,351282.05128205125,4.547554868180248
156.4102564102564,476923.07692307694,6.292362958756024
156.4102564102564,602564.1025641025,8.111194552311845
156.4102564102564,728205.1282051282,10.01355892723176
156.4102564102564,853846.1538461539,12.01119516241196
156.4102564102564,979487.1794871795,14.118942738774235
156.4102564102564,1105128.205128205,16.356114378886385
156.4102564102564,1230769.2307692308,18.74877823006284
156.4102564102564,1356410.2564102565,21.33381400564031
156.4102564102564,1482051.282051282,344.77805947212084
156.4102564102564,1607692.3076923077,345.1691545723367
156.4102564102564,1733333.3333333333,345.55594238493984
156.4102564102564,1858974.358974359,345.938540145154
156.4102564102564,1984615.3846153845,346.31705997917595
156.4102564102564,2110256.41025641,346.69160920876107
156.4102564102564,2235897.435897436,347.06229063290294
156.4102564102564,2361538.4615384615,347.4292027886676
156.4102564102564,2487179.487179487,347.79244019304144
156.4102564102564,2612820.512820513,348.15209356745675
156.4102564102564,2738461.5384615385,348.5082500464758
156.4102564102564,2864102.564102564,348.8609933719879
156.4102564102564,2989743.5897435895,349.2104040741231
156.4102564102564,3115384.6153846155,349.55655963998163
156.4102564102564,3241025.641025641,349.8995346711523
156.4102564102564,3366666.6666666665,350.2394010309387
156.4102564102564,3492307.6923076925,350.5762279820783
156.4102564102564,3617948.717948718,350.91008231571186
156.4102564102564,3743589.7435897435,351.2410284722628
156.4102564102564,3869230.769230769,351.56912865483906
156.4102564102564,3994871.794871795,351.89444293572024
156.4102564102564,4120512.8205128205,352.2170293564276
156.4102564102564,4246153.846153846,352.5369440218527
156.4102564102564,4371794.871794872,352.85424118886397
156.4102564102564,4497435.897435897,353.1689733497824
156.4102564102564,4623076.923076923,353.4811913110857
156.4102564102564,4748717.948717949,353.7909442676711
156.4102564102564,4874358.974358974,354.09827987297314
156.4102564102564,5000000.0,354.40324430522253
162.82051282051282,100000.0,1.1988973911284433
162.82051282051282,225641.02564102563,2.7464945150525493
162.82051282051282,351282.05128205125,4.34391179155158
162.82051282051282,476923.07692307694,5.995850788927443
162.82051282051282,602564.1025641025,7.707764968768857
162.82051282051282,728205.1282051282,9.486047662619
162.82051282051282,853846.1538461539,11.338286457929856
162.82051282051282,979487.1794871795,13.27361538124823
162.82051282051282,1105128.205128205,15.303215488908249
162.82051282051282,1230769.2307692308,17.441048704889262
162.82051282051282,1356410.2564102565,19.704973818810913
162.82051282051282,1482051.282051282,22.11852089637915
162.82051282051282,1607692.3076923077,24.71387268375903
162.82051282051282,1733333.3333333333,27.537240263944216
162.82051282051282,1858974.358974359,329.8988555245197
162.82051282051282,1984615.3846153845,330.4172085616218
162.82051282051282,2110256.41025641,330.9274340782491
162.82051282051282,2235897.435897436,331.4298438679596
162.82051282051282,2361538.4615384615,331.92473073001855
162.82051282051282,2487179.487179487,332.4123700412197
162.82051282051282,2612820.512820513,332.89302116465444
162.82051282051282,2738461.5384615385,333.3669287156246
162.82051282051282,2864102.564102564,333.8343237019995
162.82051282051282,2989743.5897435895,334.29542455390634
162.82051282051282,3115384.6153846155,334.7504380555811
162.82051282051282,3241025.641025641,335.19956019050966
162.82051282051282,3366666.6666666665,335.6429769095069
162.82051282051282,3492307.6923076925,336.0808648301422
162.82051282051282,3617948.717948718,336.51339187486315
162.82051282051282,3743589.7435897435,336.9407178542476
162.82051282051282,3869230.769230769,337.3629950010399
162.82051282051282,3994871.794871795,337.78036845994427
162.82051282051282,4120512.8205128205,338.19297673757563
162.82051282051282,4246153.846153846,338.6009521164462
162.82051282051282,4371794.871794872,339.00442103644286
162.82051282051282,4497435.897435897,339.40350444685066
162.82051282051282,4623076.923076923,339.79831813165885
162.82051282051282,4748717.948717949,340.18897301057706
162.82051282051282,4874358.974358974,340.57557541794336
162.82051282051282,5000000.0,340.95822736147267
169.23076923076923,100000.0,1.1520519828868216
169.23076923076923,225641.02564102563,2.6347311885534843
169.23076923076923,351282.05128205125,4.159473858710803
169.23076923076923,476923.07692307694,5.729688957107962
169.23076923076923,602564.1025641025,7.349249550842839
169.23076923076923,728205.1282051282,9.022588043458947
169.23076923076923,853846.1538461539,10.754818390792787
169.23076923076923,979487.1794871795,12.551895330182617
169.23076923076923,1105128.205128205,14.420825391571515
169.23076923076923,1230769.2307692308,16.369951984419277
169.23076923076923,1356410.2564102565,18.409349185354323
169.23076923076923,1482051.282051282,20.551379792857297
169.23076923076923,1607692.3076923077,22.81151028775949
169.23076923076923,1733333.3333333333,25.209544256030423
169.23076923076923,1858974.358974359,27.771571663519254
169.23076923076923,1984615.3846153845,30.533218897974855
169.23076923076923,2110256.41025641,33.54545002562598
169.23076923076923,2235897.435897436,36.88589954865746
169.23076923076923,2361538.4615384615,313.27822219022437
169.23076923076923,2487179.487179487,314.0062885537468
169.23076923076923,2612820.512820513,314.7169630836298
169.23076923076923,2738461.5384615385,315.4112474773313
169.23076923076923,2864102.564102564,316.0900529507063
169.23076923076923,2989743.5897435895,316.75421121400973
169.23076923076923,3115384.6153846155,317.4044837966166
169.23076923076923,3241025.641025641,318.0415700141005
169.23076923076923,3366666.6666666665,318.666113811523
169.23076923076923,3492307.6923076925,319.2787096706361
169.23076923076923,3617948.717948718,319.87990773276454
169.23076923076923,3743589.7435897435,320.4702182608681
169.23076923076923,3869230.769230769,321.05011554197307
169.23076923076923,3994871.794871795,321.6200413133403
169.23076923076923,4120512.8205128205,322.18040778144865
169.23076923076923,4246153.846153846,322.7316002913559
169.23076923076923,4371794.871794872,323.2739796946104
169.23076923076923,4497435.897435897,323.80788445625564
169.23076923076923,4623076.923076923,324.3336325351641
169.23076923076923,4748717.948717949,324.85152306677344
169.23076923076923,4874358.974358974,325.3618378729835
169.23076923076923,5000000.0,325.8648428203886
175.64102564102564,100000.0,1.1088161821091835
175.64102564102564,225641.02564102563,2.5321987700450785
175.64102564102564,351282.05128205125,3.9913872477113475
175.64102564102564,476923.07692307694,5.488889770302272
175.64102564102564,602564.1025641025,7.0275078023118045
175.64102564102564,728205.1282051282,8.610386457620828
175.64102564102564,853846.1538461539,10.241076556803568
175.64102564102564,979487.1794871795,11.92361192416507
175.64102564102564,1105128.205128205,13.662606772260768
175.64102564102564,1230769.2307692308,15.463379957700594
175.64102564102564,1356410.2564102565,17.332115778871096
175.64102564102564,1482051.282051282,19.276075390092952
175.64102564102564,1607692.3076923077,21.303879799320324
175.64102564102564,1733333.3333333333,23.4258965217818
175.64102564102564,1858974.358974359,25.65478045755373
175.64102564102564,1984615.3846153845,28.006251565469054
175.64102564102564,2110256.41025641,30.500249814129475
175.64102564102564,2235897.435897436,33.16271836156835
175.64102564102564,2361538.4615384615,36.02849054340186
175.64102564102564,2487179.487179487,39.14625040423414
175.64102564102564,2612820.512820513,42.58773788851178
175.64102564102564,2738461.5384615385,46.46670352676994
175.64102564102564,2864102.564102564,292.9964729212757
175.64102564102564,2989743.5897435895,294.16286166426033
175.64102564102564,3115384.6153846155,295.2794291268859
175.64102564102564,3241025.641025641,296.3511646318521
175.64102564102564,3366666.6666666665,297.3822939097026
175.64102564102564,3492307.6923076925,298.3764323823698
175.64102564102564,3617948.717948718,299.3367010992405
175.64102564102564,3743589.7435897435,300.26581587024435
175.64102564102564,3869230.769230769,301.1661567943767
175.64102564102564,3994871.794871795,302.0398232040925
175.64102564102564,4120512.8205128205,302.88867759461726
175.64102564102564,4246153.846153846,303.7143811192954
175.64102564102564,4371794.871794872,304.5184225467982
175.64102564102564,4497435.897435897,305.3021420923864
175.64102564102564,4623076.923076923,306.06675118875404
175.64102564102564,4748717.948717949,306.8133490099359
175.64102564102564,4874358.974358974,307.54293637596044
175.64102564102564,5000000.0,308.25642752763133
182.05128205128204,100000.0,1.0687767463049809
182.05128205128204,225641.02564102563,2.437731559615473
182.05128205128204,351282.05128205125,3.837382925919365
182.05128205128204,476923.07692307694,5.269599413859778
182.05128205128204,602564.1025641025,6.736438408186255
182.05128205128204,728205.1282051282,8.24017352623715
182.05128205128204,853846.1538461539,9.783327354828627
182.05128205128204,979487.1794871795,11.368710824032505
182.05128205128204,1105128.205128205,12.999470936973534
182.05128205128204,1230769.2307692308,14.67914912636998
182.05128205128204,1356410.2564102565,16.411753274691712
182.05128205128204,1482051.282051282,18.20184751516692
182.05128205128204,1607692.3076923077,20.05466547974497
182.05128205128204,1733333.3333333333,21.976254921644603
182.05128205128204,1858974.358974359,23.97366500971956
182.05128205128204,1984615.3846153845,26.05519272711907
182.05128205128204,2110256.41025641,28.230712833612596
182.05128205128204,2235897.435897436,30.512128762451574
182.05128205128204,2361538.4615384615,32.91400328114277
182.05128205128204,2487179.487179487,35.45446477730254
182.05128205128204,2612820.512820513,38.156551805962316
182.05128205128204,2738461.5384615385,41.050285358256986
182.05128205128204,2864102.564102564,44.176014705939274
182.05128205128204,2989743.5897435895,47.59014239437895
182.05128205128204,3115384.6153846155,51.37568049482543
182.05128205128204,3241025.641025641,55.66377105269995
182.05128205128204,3366666.6666666665,60.68432413173894
182.05128205128204,3492307.6923076925,66.91547943185198
182.05128205128204,3617948.717948718,269.0687642375059
182.05128205128204,3743589.7435897435,271.22338291184747
182.05128205128204,3869230.769230769,273.19046340211935
182.05128205128204,3994871.794871795,275.0058097903946
182.05128205128204,4120512.8205128205,276.695327755597
182.05128205128204,4246153.846153846,278.278455268535
182.05128205128204,4371794.871794872,279.7702048358165
182.05128205128204,4497435.897435897,281.18244699928823
182.05128205128204,4623076.923076923,282.52475305259213
182.05128205128204,4748717.948717949,283.8049686686216
182.05128205128204,4874358.974358974,285.02961636106465
182.05128205128204,5000000.0,286.2041852297612
188.46153846153845,100000.0,1.0315831554291666
188.46153846153845,225641.02564102563,2.350363796603641
188.46153846153845,351282.05128205125,3.695625159042687
188.46153846153845,476923.07692307694,5.068774269422344
188.46153846153845,602564.1025641025,6.47134151090592
188.46153846153845,728205.1282051282,7.904995879208992
188.46153846153845,853846.1538461539,9.371562727608163
188.46153846153845,979487.1794871795,10.873044512913424
188.46153846153845,1105128.205128205,12.411645183234082
188.46153846153845,1230769.2307692308,13.989799015949355
188.46153846153845,1356410.2564102565,15.610204934387033
188.46153846153845,1482051.282051282,17.27586762372326
188.46153846153845,1607692.3076923077,18.990147158308403
188.46153846153845,1733333.3333333333,20.756819384281073
188.46153846153845,1858974.358974359,22.580150032292774
188.46153846153845,1984615.3846153845,24.46498655427757
188.46153846153845,2110256.41025641,26.416873120910715
188.46153846153845,2235897.435897436,28.44219629326645
188.46153846153845,2361538.4615384615,30.5483719276676
188.46153846153845,2487179.487179487,32.7440884308784
188.46153846153845,2612820.512820513,35.03962846235196
188.46153846153845,2738461.5384615385,37.44730214457304
188.46153846153845,2864102.564102564,39.98204257230466
188.46153846153845,2989743.5897435895,42.66224404317424
188.46153846153845,3115384.6153846155,45.510974873789415
188.46153846153845,3241025.641025641,48.5577900159421
188.46153846153845,3366666.6666666665,51.84154719600163
188.46153846153845,3492307.6923076925,55.41499384075846
188.46153846153845,3617948.717948718,59.352691992890016
188.46153846153845,3743589.7435897435,63.76578952647352
188.46153846153845,3869230.769230769,68.8325022353027
188.46153846153845,3994871.794871795,74.8708442871744
188.46153846153845,4120512.8205128205,82.55679204111968
188.46153846153845,4246153.846153846,93.94664801544432
188.46153846153845,4371794.871794872,230.1182286936724
188.46153846153845,4497435.897435897,237.44121494948536
188.46153846153845,4623076.923076923,242.61946023171245
188.46153846153845,4748717.948717949,246.73101251635075
188.46153846153845,4874358.974358974,250.18517442384086
188.46153846153845,5000000.0,253.18693343989497
194.87179487179486,100000.0,0.9969357478863616
194.87179487179486,225641.02564102563,2.2692862477919333
194.87179487179486,351282.05128205125,3.5646066338129954
194.87179487179486,476923.07692307694,4.883966085014817
194.87179487179486,602564.1025641025,6.228515327538172
194.87179487179486,728205.1282051282,7.599495252870679
194.87179487179486,853846.1538461539,8.998246721994843
194.87179487179486,979487.1794871795,10.426221758966289
194.87179487179486,1105128.205128205,11.884996379762864
194.87179487179486,1230769.2307692308,13.376285354935357
194.87179487179486,1356410.2564102565,14.901959270664886
194.87179487179486,1482051.282051282,16.464064336255227
194.87179487179486,1607692.3076923077,18.06484549217812
194.87179487179486,1733333.3333333333,19.70677350874202
194.87179487179486,1858974.358974359,21.392576941104956
194.87179487179486,1984615.3846153845,23.12528003527704
194.87179487179486,2110256.41025641,24.908247980911685
194.87179487179486,2235897.435897436,26.745241306834462
194.87179487179486,2361538.4615384615,28.64048175269302
194.87179487179486,2487179.487179487,30.598732680338475
194.87179487179486,2612820.512820513,32.62539809322911
194.87179487179486,2738461.5384615385,34.726645733335566
194.87179487179486,2864102.564102564,36.909561708295286
194.87179487179486,2989743.5897435895,39.182346954404835
194.87179487179486,3115384.6153846155,41.55457001801568
194.87179487179486,3241025.641025641,44.03749687406478
194.87179487179486,3366666.6666666665,46.644528014238695
194.87179487179486,3492307.6923076925,49.39178790447231
194.87179487179486,3617948.717948718,52.29893577869243
194.87179487179486,3743589.7435897435,55.39030623267111
194.87179487179486,3869230.769230769,58.69655573894946
194.87179487179486,3994871.794871795,62.257111774370294
194.87179487179486,4120512.8205128205,66.12394618308927
194.87179487179486,4246153.846153846,70.3676371089613
194.87179487179486,4371794.871794872,75.08761225156273
194.87179487179486,4497435.897435897,80.43056728978793
194.87179487179486,4623076.923076923,86.62626967294462
194.87179487179486,4748717.948717949,94.06446424618697
194.87179487179486,4874358.974358974,103.48280198658381
194.87179487179486,5000000.0,116.50295655755217
201.28205128205127,100000.0,0.9645765435887727
201.28205128205127,225641.02564102563,2.1938141385589343
201.28205128205127,351282.05128205125,3.4430738905527307
201.28205128205127,476923.07692307694,4.713174536362492
201.28205128205127,602564.1025641025,6.004989217005159
201.28205128205127,728205.1282051282,7.3194503922003396
201.28205128205127,853846.1538461539,8.65755532420722
201.28205128205127,979487.1794871795,10.020372212293708
201.28205128205127,1105128.205128205,11.409047072981611
201.28205128205127,1230769.2307692308,12.82481147785086
201.28205128205127,1356410.2564102565,14.26899128072863
201.28205128205127,1482051.282051282,15.743016490336913
201.28205128205127,1607692.3076923077,17.248432473939005
201.28205128205127,1733333.3333333333,18.78691271350401
201.28205128205127,1858974.358974359,20.360273380054736
201.28205128205127,1984615.3846153845,21.97049004631106
201.28205128205127,2110256.41025641,23.619716925254252
201.28205128205127,2235897.435897436,25.310309106426033
201.28205128205127,2361538.4615384615,27.044848367378236
201.28205128205127,2487179.487179487,28.82617327097153
201.28205128205127,2612820.512820513,30.65741442853072
201.28205128205127,2738461.5384615385,32.54203602539797
201.28205128205127,2864102.564102564,34.483884984322295
201.28205128205127,2989743.5897435895,36.48724950401579
201.28205128205127,3115384.6153846155,38.55692918343454
201.28205128205127,3241025.641025641,40.698319566160166
201.28205128205127,3366666.6666666665,42.91751476849708
201.28205128205127,3492307.6923076925,45.221432966763494
201.28205128205127,3617948.717948718,47.6179710233451
201.28205128205127,3743589.7435897435,50.11619658410694
201.28205128205127,3869230.769230769,52.726588807233895
201.28205128205127,3994871.794871795,55.461342811350804
201.28205128205127,4120512.8205128205,58.3347584301666
201.28205128205127,4246153.846153846,61.36374160999113
201.28205128205127,4371794.871794872,64.56845774519155
201.28205128205127,4497435.897435897,67.97319172221556
201.28205128205127,4623076.923076923,71.60749106021498
201.28205128205127,4748717.948717949,75.50769784560103
201.28205128205127,4874358.974358974,79.71901209778945
201.28205128205127,5000000.0,84.29826722624796
207.69230769230768,100000.0,0.9342820464583544
207.69230769230768,225641.02564102563,2.1233629991947787
207.69230769230768,351282.05128205125,3.3299730578188345
207.69230769230768,476923.07692307694,4.554743224571213
207.69230769230768,602564.1025641025,5.798341038949868
207.69230769230768,728205.1282051282,7.061473390294573
207.69230769230768,853846.1538461539,8.344889602539528
207.69230769230768,979487.1794871795,9.649384823012236
207.69230769230768,1105128.205128205,10.975803751534528
207.69230769230768,1230769.2307692308,12.325044751146907
207.69230769230768,1356410.2564102565,13.698064387650442
207.69230769230768,1482051.282051282,15.095882451985684
207.69230769230768,1607692.3076923077,16.519587527416956
207.69230769230768,1733333.3333333333,17.970343172768185
207.69230769230768,1858974.358974359,19.449394803809874
207.69230769230768,1984615.3846153845,20.9580773676196
207.69230769230768,2110256.41025641,22.497823919685235
207.69230769230768,2235897.435897436,24.070175231114273
207.69230769230768,2361538.4615384615,25.67679057406326
207.69230769230768,2487179.487179487,27.319459858017318
207.69230769230768,2612820.512820513,29.00011731855831
207.69230769230768,2738461.5384615385,30.720856994627557
207.69230769230768,2864102.564102564,32.48395027103875
207.69230769230768,2989743.5897435895,34.291865811327845
207.69230769230768,3115384.6153846155,36.14729226332748
207.69230769230768,3241025.641025641,38.053164187690555
207.69230769230768,3366666.6666666665,40.01269173968001
207.69230769230768,3492307.6923076925,42.02939472866275
207.69230769230768,3617948.717948718,44.10714178954182
207.69230769230768,3743589.7435897435,46.2501955269878
207.69230769230768,3869230.769230769,48.4632646368058
207.69230769230768,3994871.794871795,50.75156416683421
207.69230769230768,4120512.8205128205,53.12088524588847
207.69230769230768,4246153.846153846,55.577675769287495
207.69230769230768,4371794.871794872,58.12913365595366
207.69230769230768,4497435.897435897,60.78331433462288
207.69230769230768,4623076.923076923,63.54925398619676
207.69230769230768,4748717.948717949,66.43710961148268
207.69230769230768,4874358.974358974,69.4583159460284
207.69230769230768,5000000.0,72.62575716628999
214.1025641025641,100000.0,0.9058575303281877
214.1025641025641,225641.02564102563,2.0574301592976734
214.1025641025641,351282.05128205125,3.224409538717074
214.1025641025641,476923.07692307694,4.407284543103265
214.1025641025641,602564.1025641025,5.6065686843950555
214.1025641025641,728205.1282051282,6.822801716682716
214.1025641025641,853846.1538461539,8.05655136835797
214.1025641025641,979487.1794871795,9.30841521352917
214.1025641025641,1105128.205128205,10.579022695778285
214.1025641025641,1230769.2307692308,11.869037318704397
214.1025641025641,1356410.2564102565,13.179159019216153
214.1025641025641,1482051.282051282,14.510126741219327
214.1025641025641,1607692.3076923077,15.862721229210566
214.1025641025641,1733333.3333333333,17.237768063351687
214.1025641025641,1858974.358974359,18.63614095987716
214.1025641025641,1984615.3846153845,20.058765363195803
214.1025641025641,2110256.41025641,21.506622358801526
214.1025641025641,2235897.435897436,22.98075293911549
214.1025641025641,2361538.4615384615,24.48226265764942
214.1025641025641,2487179.487179487,26.012326710400277
214.1025641025641,2612820.512820513,27.572195487140778
214.1025641025641,2738461.5384615385,29.163200639217287
214.1025641025641,2864102.564102564,30.786761714533974
214.1025641025641,2989743.5897435895,32.44439341447314
214.1025641025641,3115384.6153846155,34.13771353139685
214.1025641025641,3241025.641025641,35.86845162882543
214.1025641025641,3366666.6666666665,37.63845852900086
214.1025641025641,3492307.6923076925,39.44971667374875
214.1025641025641,3617948.717948718,41.304351423542556
214.1025641025641,3743589.7435897435,43.20464335530154
214.1025641025641,3869230.769230769,45.15304161010812
214.1025641025641,3994871.794871795,47.15217832546266
214.1025641025641,4120512.8205128205,49.20488415977615
214.1025641025641,4246153.846153846,51.314204875206286
214.1025641025641,4371794.871794872,53.483418882713934
214.1025641025641,4497435.897435897,55.716055562197596
214.1025641025641,4623076.923076923,58.015914039653964
214.1025641025641,4748717.948717949,60.38708191753011
214.1025641025641,4874358.974358974,62.83395319376109
214.1025641025641,5000000.0,65.36124424304255
220.5128205128205,100000.0,0.87913245339363
220.5128205128205,225641.02564102563,1.995580354292576
220.5128205128205,351282.05128205125,3.1256175082899897
220.5128205128205,476923.07692307694,4.269624241664217
220.5128205128205,602564.1025641025,5.427997514421098
220.5128205128205,728205.1282051282,6.601151825113261
220.5128205128205,853846.1538461539,7.789520172490176
220.5128205128205,979487.1794871795,8.993555077818637
220.5128205128205,1105128.205128205,10.213729671950396
220.5128205128205,1230769.2307692308,11.450538851455345
220.5128205128205,1356410.2564102565,12.704500508381342
220.5128205128205,1482051.282051282,13.97615683844166
220.5128205128205,1607692.3076923077,15.26607573266186
220.5128205128205,1733333.3333333333,16.574852257732434
220.5128205128205,1858974.358974359,17.90311023050199
220.5128205128205,1984615.3846153845,19.25150389219496
220.5128205128205,2110256.41025641,20.620719688031887
220.5128205128205,2235897.435897436,22.011478157948254
220.5128205128205,2361538.4615384615,23.4245359440225
220.5128205128205,2487179.487179487,24.860687920002462
220.5128205128205,2612820.512820513,26.320769447917787
220.5128205128205,2738461.5384615385,27.805658766131543
220.5128205128205,2864102.564102564,29.316279512247572
220.5128205128205,2989743.5897435895,30.85360338296666
220.5128205128205,3115384.6153846155,32.418652931166356
220.5128205128205,3241025.641025641,34.012504498031426
220.5128205128205,3366666.6666666665,35.63629127481747
220.5128205128205,3492307.6923076925,37.291206484576236
220.5128205128205,3617948.717948718,38.97850666865015
220.5128205128205,3743589.7435897435,40.69951505562642
220.5128205128205,3869230.769230769,42.455624981329315
220.5128205128205,3994871.794871795,44.24830331682392
220.5128205128205,4120512.8205128205,46.079093846698804
220.5128205128205,4246153.846153846,47.94962052134421
220.5128205128205,4371794.871794872,49.86159048364416
220.5128205128205,4497435.897435897,51.81679674137377
220.5128205128205,4623076.923076923,53.81712032035021
220.5128205128205,4748717.948717949,55.86453168851965
220.5128205128205,4874358.974358974,57.96109118595558
220.5128205128205,5000000.0,60.108948128270264
226.92307692307693,100000.0,0.8539567427715689
226.92307692307693,225641.02564102563,1.937434380150938
226.92307692307693,351282.05128205125,3.0329364557271
226.92307692307693,476923.07692307694,4.140759746944127
226.92307692307693,602564.1025641025,5.261212238622286
226.92307692307693,728205.1282051282,6.394613620605425
226.92307692307693,853846.1538461539,7.5412958081655415
226.92307692307693,979487.1794871795,8.701603485947597
226.92307692307693,1105128.205128205,9.875894676198564
226.92307692307693,1230769.2307692308,11.06454133196879
226.92307692307693,1356410.2564102565,12.267929955897005
226.92307692307693,1482051.282051282,13.486462245088779
226.92307692307693,1607692.3076923077,14.72055576246667
226.92307692307693,1733333.3333333333,15.97064463480287
226.92307692307693,1858974.358974359,17.23718027743493
226.92307692307693,1984615.3846153845,18.520632145403468
226.92307692307693,2110256.41025641,19.82148851042848
226.92307692307693,2235897.435897436,21.14025726274571
226.92307692307693,2361538.4615384615,22.477466736343693
226.92307692307693,2487179.487179487,23.833666555559397
226.92307692307693,2612820.512820513,25.209428500286716
226.92307692307693,2738461.5384615385,26.605347386206414
226.92307692307693,2864102.564102564,28.02204195543284
226.92307692307693,2989743.5897435895,29.460155771760366
226.92307692307693,3115384.6153846155,30.920358113249343
226.92307692307693,3241025.641025641,32.40334485317405
226.92307692307693,3366666.6666666665,33.9098393183185
226.92307692307693,3492307.6923076925,35.44059311119607
226.92307692307693,3617948.717948718,36.99638687992304
226.92307692307693,3743589.7435897435,38.57803101612444
226.92307692307693,3869230.769230769,40.186366257312606
226.92307692307693,3994871.794871795,41.8222641655626
226.92307692307693,4120512.8205128205,43.486627448918085
226.92307692307693,4246153.846153846,45.18039008567953
226.92307692307693,4371794.871794872,46.904517204440076
226.92307692307693,4497435.897435897,48.66000466431395
226.92307692307693,4623076.923076923,50.44787827012018
226.92307692307693,4748717.948717949,52.26919254621506
226.92307692307693,4874358.974358974,54.125028980099344
226.92307692307693,5000000.0,56.01649363277368
233.33333333333334,100000.0,0.8301977579175553
233.33333333333334,225641.02564102563,1.8826600442880963
233.33333333333334,351282.05128205125,2.9457928814896435
233.33333333333334,476923.07692307694,4.019828296970682
233.33333333333334,602564.1025641025,5.10500582375166
233.33333333333334,728205.1282051282,6.201572761481064
233.33333333333334,853846.1538461539,7.309784444248635
233.33333333333334,979487.1794871795,8.429904514893703
233.33333333333334,1105128.205128205,9.562205205459193
233.33333333333334,1230769.2307692308,10.706967623340645
233.33333333333334,1356410.2564102565,11.864482042562166
233.33333333333334,1482051.282051282,13.035048199475826
233.33333333333334,1607692.3076923077,14.218975592024684
233.33333333333334,1733333.3333333333,15.416583781529969
233.33333333333334,1858974.358974359,16.628202695756787
233.33333333333334,1984615.3846153845,17.854172931776002
233.33333333333334,2110256.41025641,19.094846056869585
233.33333333333334,2235897.435897436,20.35058490541754
233.33333333333334,2361538.4615384615,21.621763869351945
233.33333333333334,2487179.487179487,22.908769179362096
233.33333333333334,2612820.512820513,24.211999173578327
233.33333333333334,2738461.5384615385,25.53186454994336
233.33333333333334,2864102.564102564,26.868788597893133
233.33333333333334,2989743.5897435895,28.22320740430369
233.33333333333334,3115384.6153846155,29.59557002791006
233.33333333333334,3241025.641025641,30.986338635556766
233.33333333333334,3366666.6666666665,32.39598859268677
233.33333333333334,3492307.6923076925,33.82500849940709
233.33333333333334,3617948.717948718,35.27390016227164
233.33333333333334,3743589.7435897435,36.74317849058566
233.33333333333334,3869230.769230769,38.233371304547234
233.33333333333334,3994871.794871795,39.745019040889865
233.33333333333334,4120512.8205128205,41.278674339865745
233.33333333333334,4246153.846153846,42.83490149540057
233.33333333333334,4371794.871794872,44.414275748053136
233.33333333333334,4497435.897435897,46.0173823980216
233.33333333333334,4623076.923076923,47.64481571285521
233.33333333333334,4748717.948717949,49.29717760176319
233.33333333333334,4874358.974358974,50.97507602548022
233.33333333333334,5000000.0,52.6791231075779
239.74358974358975,100000.0,0.8077377893488749
239.74358974358975,225641.02564102563,1.83096487120758
239.74358974358975,351282.05128205125,2.863685831235408
239.74358974358975,476923.07692307694,3.9060822116082083
239.74358974358975,602564.1025641025,4.958340523730865
239.74358974358975,728205.1282051282,6.020652372877549
239.74358974358975,853846.1538461539,7.093214582505112
239.74358974358975,979487.1794871795,8.176229317720141
239.74358974358975,1105128.205128205,9.269904207307013
239.74358974358975,1230769.2307692308,10.374452463642706
239.74358974358975,1356410.2564102565,11.49009299973367
239.74358974358975,1482051.282051282,12.61705054250942
239.74358974358975,1607692.3076923077,13.755555741396172
239.74358974358975,1733333.3333333333,14.905845271070318
239.74358974358975,1858974.358974359,16.068161927155124
239.74358974358975,1984615.3846153845,17.24275471347326
239.74358974358975,2110256.41025641,18.429878919301593
239.74358974358975,2235897.435897436,19.62979618489152
239.74358974358975,2361538.4615384615,20.84277455331699
239.74358974358975,2487179.487179487,22.06908850649132
239.74358974358975,2612820.512820513,23.309018982951947
239.74358974358975,2738461.5384615385,24.562853374747498
239.74358974358975,2864102.564102564,25.830885500472693
239.74358974358975,2989743.5897435895,27.113415551182236
239.74358974358975,3115384.6153846155,28.41075000557311
239.74358974358975,3241025.641025641,29.723201510454782
239.74358974358975,3366666.6666666665,31.051088722127528
239.74358974358975,3492307.6923076925,32.39473610385928
239.74358974358975,3617948.717948718,33.75447367419023
239.74358974358975,3743589.7435897435,35.13063670030348
239.74358974358975,3869230.769230769,36.523565330176694
239.74358974358975,3994871.794871795,37.93360415667923
239.74358974358975,4120512.8205128205,39.361101706199285
239.74358974358975,4246153.846153846,40.80640984378424
239.74358974358975,4371794.871794872,42.26988308615459
239.74358974358975,4497435.897435897,43.75187781331846
239.74358974358975,4623076.923076923,45.25275136887488
239.74358974358975,4748717.948717949,46.77286103846231
239.74358974358975,4874358.974358974,48.31256289519899
239.74358974358975,5000000.0,49.872210500388235
246.15384615384616,100000.0,0.7864719835447708
246.15384615384616,225641.02564102563,1.7820901665342346
246.15384615384616,351282.05128205125,2.7861753296329486
246.15384615384616,476923.07692307694,3.7988694430464083
246.15384615384616,602564.1025641025,4.820317704256142
246.15384615384616,728205.1282051282,5.8506685853287905
246.15384615384616,853846.1538461539,6.890073877147754
246.15384615384616,979487.1794871795,7.938688730072974
246.15384615384616,1105128.205128205,8.996671690485114
246.15384615384616,1230769.2307692308,10.06418473261708
246.15384615384616,1356410.2564102565,11.14139328501805
246.15384615384616,1482051.282051282,12.228466250932849
246.15384615384616,1607692.3076923077,13.32557602181217
246.15384615384616,1733333.3333333333,14.432898483096627
246.15384615384616,1858974.358974359,15.550613011339701
246.15384615384616,1984615.3846153845,16.678902461650935
246.15384615384616,2110256.41025641,17.817953144351094
246.15384615384616,2235897.435897436,18.96795478963508
246.15384615384616,2361538.4615384615,20.129100498936292
246.15384615384616,2487179.487179487,21.301586681577305
246.15384615384616,2612820.512820513,22.485612975176274
246.15384615384616,2738461.5384615385,23.681382148156572
246.15384615384616,2864102.564102564,24.889099982578404
246.15384615384616,2989743.5897435895,26.10897513537604
246.15384615384616,3115384.6153846155,27.341218975943022
246.15384615384616,3241025.641025641,28.58604539786059
246.15384615384616,3366666.6666666665,29.843670602412374
246.15384615384616,3492307.6923076925,31.114312851371444
246.15384615384616,3617948.717948718,32.39819218638626
246.15384615384616,3743589.7435897435,33.69553011212937
246.15384615384616,3869230.769230769,35.00654924021046
246.15384615384616,3994871.794871795,36.33147289069413
246.15384615384616,4120512.8205128205,37.67052464790559
246.15384615384616,4246153.846153846,39.02392786705688
246.15384615384616,4371794.871794872,40.39190512808623
246.15384615384616,4497435.897435897,41.77467763297622
246.15384615384616,4623076.923076923,43.17246454270955
246.15384615384616,4748717.948717949,44.585482249937044
246.15384615384616,4874358.974358974,46.01394358337931
246.15384615384616,5000000.0,47.458056939966525
252.56410256410257,100000.0,0.766306610108292
252.56410256410257,225641.02564102563,1.7358061448770852
252.56410256410257,351282.05128205125,2.712873036467844
252.56410256410257,476923.07692307694,3.6976180946921797
252.56410256410257,602564.1025641025,4.690154160062823
252.56410256410257,728205.1282051282,5.690596108632745
252.56410256410257,853846.1538461539,6.69906085304347
252.56410256410257,979487.1794871795,7.715667339393069
252.56410256410257,1105128.205128205,8.740536539504786
252.56410256410257,1230769.2307692308,9.77379143814595
252.56410256410257,1356410.2564102565,10.815557014713713
252.56410256410257,1482051.282051282,11.865960218869303
252.56410256410257,1607692.3076923077,12.92512993956575
252.56410256410257,1733333.3333333333,13.9931969668754
252.56410256410257,1858974.358974359,15.07029394598332
252.56410256410257,1984615.3846153845,16.1565553226703
252.56410256410257,2110256.41025641,17.252117279565496
252.56410256410257,2235897.435897436,18.35711766240305
252.56410256410257,2361538.4615384615,19.471695895469995
252.56410256410257,2487179.487179487,20.59599288538453
252.56410256410257,2612820.512820513,21.730150912293837
252.56410256410257,2738461.5384615385,22.874313507530474
252.56410256410257,2864102.564102564,24.028625316715228
252.56410256410257,2989743.5897435895,25.193231947242907
252.56410256410257,3115384.6153846155,26.368279799036763
252.56410256410257,3241025.641025641,27.55391587740673
252.56410256410257,3366666.6666666665,28.750287586797977
252.56410256410257,3492307.6923076925,29.957542504169265
252.56410256410257,3617948.717948718,31.175828130696708
252.56410256410257,3743589.7435897435,32.40529162045868
252.56410256410257,3869230.769230769,33.64607948472186
252.56410256410257,3994871.794871795,34.8983372704198
252.56410256410257,4120512.8205128205,36.16220921139348
252.56410256410257,4246153.846153846,37.43783785094998
252.56410256410257,4371794.871794872,38.72536363429378
252.56410256410257,4497435.897435897,40.02492446939454
252.56410256410257,4623076.923076923,41.33665525487973
252.56410256410257,4748717.948717949,42.66068737358059
252.56410256410257,4874358.974358974,43.99714815042016
252.56410256410257,5000000.0,45.34616027341116
258.974358974359,100000.0,0.7471576059898175
258.974358974359,225641.02564102563,1.691907899613497
258.974358974359,351282.05128205125,2.643434627177386
258.974358974359,476923.07692307694,3.6018239653094537
258.974358974359,602564.1025641025,4.567163301390506
258.974358974359,728205.1282051282,5.539541216398158
258.974358974359,853846.1538461539,6.5190474641409
258.974358974359,979487.1794871795,7.505772946602124
258.974358974359,1105128.205128205,8.499809685097743
258.974358974359,1230769.2307692308,9.501250786934301
258.974358974359,1356410.2564102565,10.510190407237152
258.974358974359,1482051.282051282,11.52672370560058
258.974358974359,1607692.3076923077,12.550946797193477
258.974358974359,1733333.3333333333,13.582956697935709
258.974358974359,1858974.358974359,14.622851263341458
258.974358974359,1984615.3846153845,15.670729120606815
258.974358974359,2110256.41025641,16.726689593499856
258.974358974359,2235897.435897436,17.790832619592365
258.974358974359,2361538.4615384615,18.863258659353612
258.974358974359,2487179.487179487,19.94406859660822
258.974358974359,2612820.512820513,21.03336362984212
258.974358974359,2738461.5384615385,22.13124515382385
258.974358974359,2864102.564102564,23.237814630992283
258.974358974359,2989743.5897435895,24.35317345204727
258.974358974359,3115384.6153846155,25.477422785166883
258.974358974359,3241025.641025641,26.61066341326368
258.974358974359,3366666.6666666665,27.752995558684297
258.974358974359,3492307.6923076925,28.904518694750415
258.974358974359,3617948.717948718,30.0653313435372
258.974358974359,3743589.7435897435,31.2355308592862
258.974358974359,3869230.769230769,32.41521319685566
258.974358974359,3994871.794871795,33.6044726646215
258.974358974359,4120512.8205128205,34.803401661258334
258.974358974359,4246153.846153846,36.01209039585227
258.974358974359,4371794.871794872,37.230626590825906
258.974358974359,4497435.897435897,38.459095167192984
258.974358974359,4623076.923076923,39.69757791170482
258.974358974359,4748717.948717949,40.94615312550475
258.974358974359,4874358.974358974,42.20489525397069
258.974358974359,5000000.0,43.47387449750037
265.38461538461536,100000.0,0.7289493456335653
265.38461538461536,225641.02564102563,1.650212045340739
265.38461538461536,351282.05128205125,2.577553526704028
265.38461538461536,476923.07692307694,3.51104042923624
265.38461538461536,602564.1025641025,4.450740044521742
265.38461538461536,728205.1282051282,5.396720288955871
265.38461538461536,853846.1538461539,6.34904967339141
265.38461538461536,979487.1794871795,7.30779726950204
265.38461538461536,1105128.205128205,8.273032672664593
265.38461538461536,1230769.2307692308,9.244825961153968
265.38461538461536,1356410.2564102565,10.223247651436505
265.38461538461536,1482051.282051282,11.208368649339755
265.38461538461536,1607692.3076923077,12.200260196868678
265.38461538461536,1733333.3333333333,13.198993814430775
265.38461538461536,1858974.358974359,14.2046412382253
265.38461538461536,1984615.3846153845,15.217274352544685
265.38461538461536,2110256.41025641,16.236965116729806
265.38461538461536,2235897.435897436,17.26378548651475
265.38461538461536,2361538.4615384615,18.297807329491327
265.38461538461536,2487179.487179487,19.339102334419156
265.38461538461536,2612820.512820513,20.38774191410337
265.38461538461536,2738461.5384615385,21.44379710155954
265.38461538461536,2864102.564102564,22.50733843918408
265.38461538461536,2989743.5897435895,23.578435860648174
265.38461538461536,3115384.6153846155,24.657158565235374
265.38461538461536,3241025.641025641,25.743574884345723
265.38461538461536,3366666.6666666665,26.837752139895276
265.38461538461536,3492307.6923076925,27.939756494346856
265.38461538461536,3617948.717948718,29.049652792118025
265.38461538461536,3743589.7435897435,30.16750439212492
265.38461538461536,3869230.769230769,31.293372991235792
265.38461538461536,3994871.794871795,32.427318438426795
265.38461538461536,4120512.8205128205,33.56939853945455
265.38461538461536,4246153.846153846,34.719668851885594
265.38461538461536,4371794.871794872,35.87818247035225
265.38461538461536,4497435.897435897,37.04498980193823
265.38461538461536,4623076.923076923,38.22013833163516
265.38461538461536,4748717.948717949,39.403672377854136
265.38461538461536,4874358.974358974,40.59563283802368
265.38461538461536,5000000.0,41.79605692435825
271.7948717948718,100000.0,0.7116135965894471
271.7948717948718,225641.02564102563,1.6105539024441633
271.7948717948718,351282.05128205125,2.5149557163876084
271.7948717948718,476923.07692307694,3.4248701416673772
271.7948717948718,602564.1025641025,4.340348556723296
271.7948717948718,728205.1282051282,5.261442584582873
271.7948717948718,853846.1538461539,6.188204059754502
271.7948717948718,979487.1794871795,7.120684992495256
271.7948717948718,1105128.205128205,8.058937530326832
271.7948717948718,1230769.2307692308,9.003013916669968
271.7948717948718,1356410.2564102565,9.952966446464886
271.7948717948718,1482051.282051282,10.908847418642493
271.7948717948718,1607692.3076923077,11.870709085308789
271.7948717948718,1733333.3333333333,12.838603597502813
271.7948717948718,1858974.358974359,13.812582947386876
271.7948717948718,1984615.3846153845,14.79269890672657
271.7948717948718,2110256.41025641,15.77900296151738
271.7948717948718,2235897.435897436,16.771546242614615
271.7948717948718,2361538.4615384615,17.770379452223903
271.7948717948718,2487179.487179487,18.775552786110747
271.7948717948718,2612820.512820513,19.78711585138966
271.7948717948718,2738461.5384615385,20.80511757975635
271.7948717948718,2864102.564102564,21.829606136030336
271.7948717948718,2989743.5897435895,22.860628821880272
271.7948717948718,3115384.6153846155,23.89823197461036
271.7948717948718,3241025.641025641,24.942460860893505
271.7948717948718,3366666.6666666665,25.993359565345745
271.7948717948718,3492307.6923076925,27.05097087384618
271.7948717948718,3617948.717948718,28.115336151518715
271.7948717948718,3743589.7435897435,29.186495215304802
271.7948717948718,3869230.769230769,30.264486201071602
271.7948717948718,3994871.794871795,31.349345425216683
271.7948717948718,4120512.8205128205,32.44110724074906
271.7948717948718,4246153.846153846,33.539803887847256
271.7948717948718,4371794.871794872,34.64546533891753
271.7948717948718,4497435.897435897,35.75811913820083
271.7948717948718,4623076.923076923,36.877790236003634
271.7948717948718,4748717.948717949,38.00450081765737
271.7948717948718,4874358.974358974,39.13827012734325
271.7948717948718,5000000.0,40.27911428695221
278.2051282051282,100000.0,0.6950886283278543
278.2051282051282,225641.02564102563,1.5727851220476798
278.2051282051282,351282.05128205125,2.4553953996661764
278.2051282051282,476923.07692307694,3.3429581849876144
278.2051282051282,602564.1025641025,4.235512226829249
278.2051282051282,728205.1282051282,5.133096268774675
278.2051282051282,853846.1538461539,6.035749016975171
278.2051282051282,979487.1794871795,6.943509105922898
278.2051282051282,1105128.205128205,7.856415062118947
278.2051282051282,1230769.2307692308,8.774505265558805
278.2051282051282,1356410.2564102565,9.697817908957257
278.2051282051282,1482051.282051282,10.62639095463489
278.2051282051282,1607692.3076923077,11.560262088988383
278.2051282051282,1733333.3333333333,12.499468674467408
278.2051282051282,1858974.358974359,13.444047698981873
278.2051282051282,1984615.3846153845,14.394035722664368
278.2051282051282,2110256.41025641,15.349468821914638
278.2051282051282,2235897.435897436,16.31038253065479
278.2051282051282,2361538.4615384615,17.27681177872682
278.2051282051282,2487179.487179487,18.248790827367245
278.2051282051282,2612820.512820513,19.226353201697147
278.2051282051282,2738461.5384615385,20.209531620170843
278.2051282051282,2864102.564102564,21.19835792093098
278.2051282051282,2989743.5897435895,22.192862985023982
278.2051282051282,3115384.6153846155,23.193076656436112
278.2051282051282,3241025.641025641,24.199027658917878
278.2051282051282,3366666.6666666665,25.21074350957259
278.2051282051282,3492307.6923076925,26.22825042919395
278.2051282051282,3617948.717948718,27.25157324934737
278.2051282051282,3743589.7435897435,28.28073531620083
278.2051282051282,3869230.769230769,29.315758391122703
278.2051282051282,3994871.794871795,30.35666254807687
278.2051282051282,4120512.8205128205,31.40346606785939
278.2051282051282,4246153.846153846,32.45618532923593
278.2051282051282,4371794.871794872,33.51483469705473
278.2051282051282,4497435.897435897,34.579426407427555
278.2051282051282,4623076.923076923,35.64997045008827
278.2051282051282,4748717.948717949,36.72647444805855
278.2051282051282,4874358.974358974,37.808943534769824
278.2051282051282,5000000.0,38.897380228811464
284.61538461538464,100000.0,0.6793184483410167
284.61538461538464,225641.02564102563,1.5367716713213087
284.61538461538464,351282.05128205125,2.3986513610376785
284.61538461538464,476923.07692307694,3.2649863640176715
284.61538461538464,602564.1025641025,4.1358053899005744
284.61538461538464,728205.1282051282,5.011136983439873
284.61538461538464,853846.1538461539,5.8910094950220175
284.61538461538464,979487.1794871795,6.775451049657059
284.61538461538464,1105128.205128205,7.664489514397116
284.61538461538464,1230769.2307692308,8.55815246413927
284.61538461538464,1356410.2564102565,9.456467145770354
284.61538461538464,1482051.282051282,10.359460440612052
284.61538461538464,1607692.3076923077,11.26715882512613
284.61538461538464,1733333.3333333333,12.17958832984104
284.61538461538464,1858974.358974359,13.096774496463079
284.61538461538464,1984615.3846153845,14.01874233313722
284.61538461538464,2110256.41025641,14.945516267825386
284.61538461538464,2235897.435897436,15.877120099772439
284.61538461538464,2361538.4615384615,16.8135769490334
284.61538461538464,2487179.487179487,17.75490920403895
284.61538461538464,2612820.512820513,18.701138467179877
284.61538461538464,2738461.5384615385,19.652285498395674
284.61538461538464,2864102.564102564,20.60837015675703
284.61538461538464,2989743.5897435895,21.569411340037117
284.61538461538464,3115384.6153846155,22.53542692227217
284.61538461538464,3241025.641025641,23.506433689318026
284.61538461538464,3366666.6666666665,24.482447272415655
284.61538461538464,3492307.6923076925,25.463482079785894
284.61538461538464,3617948.717948718,26.44955122628125
284.61538461538464,3743589.7435897435,27.440666461130444
284.61538461538464,3869230.769230769,28.436838093820235
284.61538461538464,3994871.794871795,29.438074918168027
284.61538461538464,4120512.8205128205,30.444384134648462
284.61538461538464,4246153.846153846,31.455771271047244
284.61538461538464,4371794.871794872,32.47224010152619
284.61538461538464,4497435.897435897,33.493792564194536
284.61538461538464,4623076.923076923,34.52042867729314
284.61538461538464,4748717.948717949,35.55214645411016
284.61538461538464,4874358.974358974,36.588941816759274
284.61538461538464,5000000.0,37.630808508964314
291.025641025641,100000.0,0.6642521445705546
291.025641025641,225641.02564102563,1.5023921156528692
291.025641025641,351282.05128205125,2.3445238890643365
291.025641025641,476923.07692307694,3.1906684254220723
291.025641025641,602564.1025641025,4.040846447918105
291.025641025641,728205.1282051282,4.895078417405305
291.025641025641,853846.1538461539,5.753384506378694
291.025641025641,979487.1794871795,6.61578457182841
291.025641025641,1105128.205128205,7.4822981269414
291.025641025641,1230769.2307692308,8.352944311630148
291.025641025641,1356410.2564102565,9.227741861867843
291.025641025641,1482051.282051282,10.106709077810931
291.025641025641,1607692.3076923077,10.989863790691471
291.025641025641,1733333.3333333333,11.877223328463502
291.025641025641,1858974.358974359,12.76880448018967
291.025641025641,1984615.3846153845,13.664623459156378
291.025641025641,2110256.41025641,14.56469586470825
291.025641025641,2235897.435897436,15.469036642795189
291.025641025641,2361538.4615384615,16.377660045228126
291.025641025641,2487179.487179487,17.290579587642796
291.025641025641,2612820.512820513,18.207808006173885
291.025641025641,2738461.5384615385,19.129357212845747
291.025641025641,2864102.564102564,20.055238249689516
291.025641025641,2989743.5897435895,20.985461241600653
291.025641025641,3115384.6153846155,21.92003534795517
291.025641025641,3241025.641025641,22.858968713007528
291.025641025641,3366666.6666666665,23.802268415098045
291.025641025641,3492307.6923076925,24.749940414702834
291.025641025641,3617948.717948718,25.701989501364604
291.025641025641,3743589.7435897435,26.658419239548603
291.025641025641,3869230.769230769,27.619231913473687
291.025641025641,3994871.794871795,28.5844284709748
291.025641025641,4120512.8205128205,29.554008466459695
291.025641025641,4246153.846153846,30.527970003029314
291.025641025641,4371794.871794872,31.506309673838008
291.025641025641,4497435.897435897,32.48902250277723
291.025641025641,4623076.923076923,33.47610188457321
291.025641025641,4748717.948717949,34.46753952439666
291.025641025641,4874358.974358974,35.46332537709037
291.025641025641,5000000.0,36.46344758612763
297.43589743589746,100000.0,0.6498433171016822
297.43589743589746,225641.02564102563,1.4695361469061212
297.43589743589746,351282.05128205125,2.292832161623632
297.43589743589746,476923.07692307694,3.1197460265770913
297.43589743589746,602564.1025641025,3.950292111573917
297.43589743589746,728205.1282051282,4.78448446930808
297.43589743589746,853846.1538461539,5.622336812954752
297.43589743589746,979487.1794871795,6.463862492946852
297.43589743589746,1105128.205128205,7.309074472923772
297.43589743589746,1230769.2307692308,8.157985304843766
297.43589743589746,1356410.2564102565,9.010607103252724
297.43589743589746,1482051.282051282,9.866951518703479
297.43589743589746,1607692.3076923077,10.727029710321291
297.43589743589746,1733333.3333333333,11.590852317512796
297.43589743589746,1858974.358974359,12.458429430817441
297.43589743589746,1984615.3846153845,13.329770561902416
297.43589743589746,2110256.41025641,14.20488461270402
297.43589743589746,2235897.435897436,15.083779843720688
297.43589743589746,2361538.4615384615,15.966463841465096
297.43589743589746,2487179.487179487,16.852943485085365
297.43589743589746,2612820.512820513,17.743224912167996
297.43589743589746,2738461.5384615385,18.637313483737643
297.43589743589746,2864102.564102564,19.535213748472273
297.43589743589746,2989743.5897435895,20.436929406154885
297.43589743589746,3115384.6153846155,21.34246327038615
297.43589743589746,3241025.641025641,22.251817230586212
297.43589743589746,3366666.6666666665,23.164992213316644
297.43589743589746,3492307.6923076925,24.081988142957865
297.43589743589746,3617948.717948718,25.002803901780467
297.43589743589746,3743589.7435897435,25.927437289453515
297.43589743589746,3869230.769230769,26.855884982036116
297.43589743589746,3994871.794871795,27.788142490503297
297.43589743589746,4120512.8205128205,28.724204118861074
297.43589743589746,4246153.846153846,29.664062921910155
297.43589743589746,4371794.871794872,30.60771066272185
297.43589743589746,4497435.897435897,31.55513776989438
297.43589743589746,4623076.923076923,32.50633329466237
297.43589743589746,4748717.948717949,33.46128486793617
297.43589743589746,4874358.974358974,34.419978657353354
297.43589743589746,5000000.0,35.382399324427766
303.84615384615387,100000.0,0.6360495851573297
303.84615384615387,225641.02564102563,1.4381033168572934
303.84615384615387,351282.05128205125,2.243412012527564
303.84615384615387,476923.07692307694,3.051985316805494
303.84615384615387,602564.1025641025,3.863832549840182
303.84615384615387,728205.1282051282,4.678962688914998
303.84615384615387,853846.1538461539,5.497384349490664
303.84615384615387,979487.1794871795,6.31910576566606
303.84615384615387,1105128.205128205,7.144134770054859
303.84615384615387,1230769.2307692308,7.972478773077199
303.84615384615387,1356410.2564102565,8.804144741666736
303.84615384615387,1482051.282051282,9.63913917739467
303.84615384615387,1607692.3076923077,10.477468094013535
303.84615384615387,1733333.3333333333,11.319136994425115
303.84615384615387,1858974.358974359,12.164150847078071
303.84615384615387,1984615.3846153845,13.012514061802637
303.84615384615387,2110256.41025641,13.864230465091238
303.84615384615387,2235897.435897436,14.719303274835614
303.84615384615387,2361538.4615384615,15.577735074532917
303.84615384615387,2487179.487179487,16.43952778697502
303.84615384615387,2612820.512820513,17.304682647437353
303.84615384615387,2738461.5384615385,18.173200176385514
303.84615384615387,2864102.564102564,19.04508015172021
303.84615384615387,2989743.5897435895,19.9203215805831
303.84615384615387,3115384.6153846155,20.798922670748542
303.84615384615387,3241025.641025641,21.6808808016285
303.84615384615387,3366666.6666666665,22.56619249492046
303.84615384615387,3492307.6923076925,23.454853384930434
303.84615384615387,3617948.717948718,24.346858188605996
303.84615384615387,3743589.7435897435,25.242200675316557
303.84615384615387,3869230.769230769,26.140873636421084
303.84615384615387,3994871.794871795,27.04286885466577
303.84615384615387,4120512.8205128205,27.94817707345723
303.84615384615387,4246153.846153846,28.856787966059322
303.84615384615387,4371794.871794872,29.768690104764342
303.84615384615387,4497435.897435897,30.683870930092397
303.84615384615387,4623076.923076923,31.602316720075112
303.84615384615387,4748717.948717949,32.5240125596827
303.84615384615387,4874358.974358974,33.44894231045614
303.84615384615387,5000000.0,34.37708858040862
310.2564102564103,100000.0,0.6228321578942395
310.2564102564103,225641.02564102563,1.4080019426277235
310.2564102564103,351282.05128205125,2.19611401474369
310.2564102564103,476923.07692307694,2.987174022449531
310.2564102564103,602564.1025641025,3.7811872802079587
310.2564102564103,728205.1282051282,4.578158753319164
310.2564102564103,853846.1538461539,5.378093042095364
310.2564102564103,979487.1794871795,6.1809943656294095
310.2564102564103,1105128.205128205,6.986866545159946
310.2564102564103,1230769.2307692308,7.795712987036606
310.2564102564103,1356410.2564102565,8.607536665289556
310.2564102564103,1482051.282051282,9.422340103808832
310.2564102564103,1607692.3076923077,10.240125358139839
310.2564102564103,1733333.3333333333,11.06089399690263
310.2564102564103,1858974.358974359,11.884647082843562
310.2564102564103,1984615.3846153845,12.711385153529294
310.2564102564103,2110256.41025641,13.541108201694241
310.2564102564103,2235897.435897436,14.373815655253914
310.2564102564103,2361538.4615384615,15.209506356997935
310.2564102564103,2487179.487179487,16.04817854397797
310.2564102564103,2612820.512820513,16.88982982660712
310.2564102564103,2738461.5384615385,17.73445716748886
310.2564102564103,2864102.564102564,18.582056859995266
310.2564102564103,2989743.5897435895,19.432624506615582
310.2564102564103,3115384.6153846155,20.286154997097924
310.2564102564103,3241025.641025641,21.14264248640854
310.2564102564103,3366666.6666666665,22.002080372534735
310.2564102564103,3492307.6923076925,22.864461274158895
310.2564102564103,3617948.717948718,23.72977700823343
310.2564102564103,3743589.7435897435,24.598018567487376
310.2564102564103,3869230.769230769,25.46917609789764
310.2564102564103,3994871.794871795,26.34323887615946
310.2564102564103,4120512.8205128205,27.220195287192094
310.2564102564103,4246153.846153846,28.100032801717955
310.2564102564103,4371794.871794872,28.982737953954558
310.2564102564103,4497435.897435897,29.86829631946056
310.2564102564103,4623076.923076923,30.756692493178956
310.2564102564103,4748717.948717949,31.64791006772147
310.2564102564103,4874358.974358974,32.541931611940456
310.2564102564103,5000000.0,33.43873864983547
316.6666666666667,100000.0,0.6101554594863476
316.6666666666667,225641.02564102563,1.3791481570257695
316.6666666666667,351282.05128205125,2.150801827973936
316.6666666666667,476923.07692307694,2.9251189491666847
316.6666666666667,602564.1025641025,3.702101667526505
316.6666666666667,728205.1282051282,4.481751787273574
316.6666666666667,853846.1538461539,5.264070756856854
316.6666666666667,979487.1794871795,6.049059655609333
316.6666666666667,1105128.205128205,6.836719180132113
316.6666666666667,1230769.2307692308,7.6270496304128494
316.6666666666667,1356410.2564102565,8.420050895684728
316.6666666666667,1482051.282051282,9.215722440033046
316.6666666666667,1607692.3076923077,10.014063287757216
316.6666666666667,1733333.3333333333,10.815072008496818
316.6666666666667,1858974.358974359,11.618746702131393
316.6666666666667,1984615.3846153845,12.425084983464284
316.6666666666667,2110256.41025641,13.23408396670206
316.6666666666667,2235897.435897436,14.045740249741778
316.6666666666667,2361538.4615384615,14.860049898279419
316.6666666666667,2487179.487179487,15.677008429753952
316.6666666666667,2612820.512820513,16.49661079714224
316.6666666666667,2738461.5384615385,17.318851372621168
316.6666666666667,2864102.564102564,18.1437239311147
316.6666666666667,2989743.5897435895,18.971221633744094
316.6666666666667,3115384.6153846155,19.801337011201053
316.6666666666667,3241025.641025641,20.63406194706452
316.6666666666667,3366666.6666666665,21.46938766108292
316.6666666666667,3492307.6923076925,22.307304692444696
316.6666666666667,3617948.717948718,23.147802883061214
316.6666666666667,3743589.7435897435,23.99087136088718
316.6666666666667,3869230.769230769,24.836498523304613
316.6666666666667,3994871.794871795,25.68467202059777
316.6666666666667,4120512.8205128205,26.535378739547273
316.6666666666667,4246153.846153846,27.38860478717279
316.6666666666667,4371794.871794872,28.244335474654573
316.6666666666667,4497435.897435897,29.10255530146517
316.6666666666667,4623076.923076923,29.96324793974358
316.6666666666667,4748717.948717949,30.826396218944893
316.6666666666667,4874358.974358974,31.691982110799355
316.6666666666667,5000000.0,32.55998671461572
323.0769230769231,100000.0,0.597986800583414
323.0769230769231,225641.02564102563,1.351465081555476
323.0769230769231,351282.05128205125,2.107350768161456
323.0769230769231,476923.07692307694,2.865643831798579
323.0769230769231,602564.1025641025,3.626343926205625
323.0769230769231,728205.1282051282,4.389450376956513
323.0769230769231,853846.1538461539,5.154962170767612
323.0769230769231,979487.1794871795,5.922877944623916
323.0769230769231,1105128.205128205,6.693195974729666
323.0769230769231,1230769.2307692308,7.465914165289651
323.0769230769231,1356410.2564102565,8.241030037127922
323.0769230769231,1482051.282051282,9.0185407161514
323.0769230769231,1607692.3076923077,9.798442921666284
323.0769230769231,1733333.3333333333,10.580732954555936
323.0769230769231,1858974.358974359,11.365406685329571
323.0769230769231,1984615.3846153845,12.152459542051625
323.0769230769231,2110256.41025641,12.94188649816254
323.0769230769231,2235897.435897436,13.73368206020214
323.0769230769231,2361538.4615384615,14.52784025544775
323.0769230769231,2487179.487179487,15.324354619479706
323.0769230769231,2612820.512820513,16.123218183687715
323.0769230769231,2738461.5384615385,16.924423462732168
323.0769230769231,2864102.564102564,17.727962441975432
323.0769230769231,2989743.5897435895,18.533826564898494
323.0769230769231,3115384.6153846155,19.342006720519556
323.0769230769231,3241025.641025641,20.15249323083138
323.0769230769231,3366666.6666666665,20.965275838275367
323.0769230769231,3492307.6923076925,21.780343693270673
323.0769230769231,3617948.717948718,22.597685341817677
323.0769230769231,3743589.7435897435,23.417288713195568
323.0769230769231,3869230.769230769,24.239141107774657
323.0769230769231,3994871.794871795,25.06322918496456
323.0769230769231,4120512.8205128205,25.88953895132004
323.0769230769231,4246153.846153846,26.71805574882707
323.0769230769231,4371794.871794872,27.54876424339188
323.0769230769231,4497435.897435897,28.381648413556718
323.0769230769231,4623076.923076923,29.21669153946633
323.0769230769231,4748717.948717949,30.053876192109584
323.0769230769231,4874358.974358974,30.89318422286129
323.0769230769231,5000000.0,31.734596753349496
329.4871794871795,100000.0,0.586296089535231
329.4871794871795,225641.02564102563,1.3248821037258702
329.4871794871795,351282.05128205125,2.0656465642477873
329.4871794871795,476923.07692307694,2.808587475412398
329.4871794871795,602564.1025641025,3.553702541282697
329.4871794871795,728205.1282051282,4.300989157117003
329.4871794871795,853846.1538461539,5.0504444006942935
329.4871794871795,979487.1794871795,5.802065023526425
329.4871794871795,1105128.205128205,6.555847441963003
329.4871794871795,1230769.2307692308,7.311787728195056
329.4871794871795,1356410.2564102565,8.069881601164123
329.4871794871795,1482051.282051282,8.83012441738384
329.4871794871795,1607692.3076923077,9.592511161681506
329.4871794871795,1733333.3333333333,10.357036437867654
329.4871794871795,1858974.358974359,11.123694459342055
329.4871794871795,1984615.3846153845,11.892479039645071
329.4871794871795,2110256.41025641,12.663383582963823
329.4871794871795,2235897.435897436,13.436401074603031
329.4871794871795,2361538.4615384615,14.211524071430885
329.4871794871795,2487179.487179487,14.988744692310894
329.4871794871795,2612820.512820513,15.76805460853105
329.4871794871795,2738461.5384615385,16.549445034242073
329.4871794871795,2864102.564102564,17.332906716917204
329.4871794871795,2989743.5897435895,18.118429927846275
329.4871794871795,3115384.6153846155,18.906004452677386
329.4871794871795,3241025.641025641,19.695619582019845
329.4871794871795,3366666.6666666665,20.487264102122793
329.4871794871795,3492307.6923076925,21.28092628564394
329.4871794871795,3617948.717948718,22.076593882523586
329.4871794871795,3743589.7435897435,22.874254110979578
329.4871794871795,3869230.769230769,23.673893648638863
329.4871794871795,3994871.794871795,24.475498623822084
329.4871794871795,4120512.8205128205,25.27905460699789
329.4871794871795,4246153.846153846,26.084546602423835
329.4871794871795,4371794.871794872,26.891959039991303
329.4871794871795,4497435.897435897,27.701275767291854
329.4871794871795,4623076.923076923,28.51248004192314
329.4871794871795,4748717.948717949,29.32555452405208
329.4871794871795,4874358.974358974,30.140481269253854
329.4871794871795,5000000.0,30.957241721644998
335.8974358974359,100000.0,0.5750555778356443
335.8974358974359,225641.02564102563,1.2993342434164552
335.8974358974359,351282.05128205125,2.025584273670013
335.8974358974359,476923.07692307694,2.753802141543327
335.8974358974359,602564.1025641025,3.4839840400252067
335.8974358974359,728205.1282051282,4.21612587523642
335.8974358974359,853846.1538461539,4.950223259449847
335.8974358974359,979487.1794871795,5.686271504045725
335.8974358974359,1105128.205128205,6.424265612407415
335.8974358974359,1230769.2307692308,7.1642002727634075
335.8974358974359,1356410.2564102565,7.9060698509816625
335.8974358974359,1482051.282051282,8.649868383322637
335.8974358974359,1607692.3076923077,9.39558956915778
335.8974358974359,1733333.3333333333,10.143226763660453
335.8974358974359,1858974.358974359,10.892772970476802
335.8974358974359,1984615.3846153845,11.644220834384193
335.8974358974359,2110256.41025641,12.397562633945338
335.8974358974359,2235897.435897436,13.152790274166488
335.8974358974359,2361538.4615384615,13.909895279168426
335.8974358974359,2487179.487179487,14.66886878487937
335.8974358974359,2612820.512820513,15.429701531759072
335.8974358974359,2738461.5384615385,16.192383857563932
335.8974358974359,2864102.564102564,16.95690569016315
335.8974358974359,2989743.5897435895,17.723256540416127
335.8974358974359,3115384.6153846155,18.491425495121987
335.8974358974359,3241025.641025641,19.261401210051904
335.8974358974359,3366666.6666666665,20.03317190307565
335.8974358974359,3492307.6923076925,20.806725347393755
335.8974358974359,3617948.717948718,21.582048864887028
335.8974358974359,3743589.7435897435,22.359129319595503
335.8974358974359,3869230.769230769,23.137953111338874
335.8974358974359,3994871.794871795,23.918506169491046
335.8974358974359,4120512.8205128205,24.700773946921284
335.8974358974359,4246153.846153846,25.48474141411478
335.8974358974359,4371794.871794872,26.270393053485606
335.8974358974359,4497435.897435897,27.057712853895133
335.8974358974359,4623076.923076923,27.846684305389076
335.8974358974359,4748717.948717949,28.637290394166378
335.8974358974359,4874358.974358974,29.42951359779343
335.8974358974359,5000000.0,30.2233358806767
342.3076923076923,100000.0,0.5642396351140624
342.3076923076923,225641.02564102563,1.274761595583458
342.3076923076923,351282.05128205125,1.9870673330279707
342.3076923076923,476923.07692307694,2.701152141937608
342.3076923076923,602564.1025641025,3.4170110584475553
342.3076923076923,728205.1282051282,4.1346388548055
342.3076923076923,853846.1538461539,4.854030033802916
342.3076923076923,979487.1794871795,5.575178823174995
342.3076923076923,1105128.205128205,6.298079169974079
342.3076923076923,1230769.2307692308,7.022724734921725
342.3076923076923,1356410.2564102565,7.749108886744746
342.3076923076923,1482051.282051282,8.477224696500826
342.3076923076923,1607692.3076923077,9.20706493189954
342.3076923076923,1733333.3333333333,9.93862205162478
342.3076923076923,1858974.358974359,10.671888199664991
342.3076923076923,1984615.3846153845,11.406855199657612
342.3076923076923,2110256.41025641,12.14351454925457
342.3076923076923,2235897.435897436,12.881857414515778
342.3076923076923,2361538.4615384615,13.621874624337806
342.3076923076923,2487179.487179487,14.363556664925241
342.3076923076923,2612820.512820513,15.106893674312252
342.3076923076923,2738461.5384615385,15.851875436942287
342.3076923076923,2864102.564102564,16.598491378313945
342.3076923076923,2989743.5897435895,17.346730559701225
342.3076923076923,3115384.6153846155,18.09658167295659
342.3076923076923,3241025.641025641,18.848033035405468
342.3076923076923,3366666.6666666665,19.601072584840946
342.3076923076923,3492307.6923076925,20.35568787462757
342.3076923076923,3617948.717948718,21.111866068923312
342.3076923076923,3743589.7435897435,21.869593938028974
342.3076923076923,3869230.769230769,22.628857853874234
342.3076923076923,3994871.794871795,23.389643785649874
342.3076923076923,4120512.8205128205,24.151937295595562
342.3076923076923,4246153.846153846,24.91572353495298
342.3076923076923,4371794.871794872,25.680987240093707
342.3076923076923,4497435.897435897,26.44771272883165
342.3076923076923,4623076.923076923,27.21588389692983
342.3076923076923,4748717.948717949,27.985484214810946
342.3076923076923,4874358.974358974,28.75649672448169
342.3076923076923,5000000.0,29.528904036680277
348.71794871794873,100000.0,0.5538245497225651
348.71794871794873,225641.02564102563,1.2511088386517892
348.71794871794873,351282.05128205125,1.9500067243340355
348.71794871794873,476923.07692307694,2.6505126087012343
348.71794871794873,602564.1025641025,3.3526206571841275
348.71794871794873,728205.1282051282,4.056324794322975
348.71794871794873,853846.1538461539,4.761618699365579
348.71794871794873,979487.1794871795,5.4684958018567515
348.71794871794873,1105128.205128205,6.176949277223479
348.71794871794873,1230769.2307692308,6.886972042360226
348.71794871794873,1356410.2564102565,7.5985567512189665
348.71794871794873,1482051.282051282,8.311695790408738
348.71794871794873,1607692.3076923077,9.026381274809617
348.71794871794873,1733333.3333333333,9.742605043206257
348.71794871794873,1858974.358974359,10.46035865394617
348.71794871794873,1984615.3846153845,11.17963338062823
348.71794871794873,2110256.41025641,11.900420207826949
348.71794871794873,2235897.435897436,12.622709826858216
348.71794871794873,2361538.4615384615,13.346492631592335
348.71794871794873,2487179.487179487,14.07175871432048
348.71794871794873,2612820.512820513,14.798497861680522
348.71794871794873,2738461.5384615385,15.526699550648653
348.71794871794873,2864102.564102564,16.256352944603098
348.71794871794873,2989743.5897435895,16.987446889466447
348.71794871794873,3115384.6153846155,17.719969909933223
348.71794871794873,3241025.641025641,18.45391020578936
348.71794871794873,3366666.6666666665,19.189255648330473
348.71794871794873,3492307.6923076925,19.92599377688568
348.71794871794873,3617948.717948718,20.66411179545404
348.71794871794873,3743589.7435897435,21.403596569460582
348.71794871794873,3869230.769230769,22.14443462263897
348.71794871794873,3994871.794871795,22.88661213404793
348.71794871794873,4120512.8205128205,23.630114935228587
348.71794871794873,4246153.846153846,24.37492850750986
348.71794871794873,4371794.871794872,25.121037979469016
348.71794871794873,4497435.897435897,25.868428124554544
348.71794871794873,4623076.923076923,26.61708335887855
348.71794871794873,4748717.948717949,27.36698773918551
348.71794871794873,4874358.974358974,28.118124961004746
348.71794871794873,5000000.0,28.870478356993186
355.12820512820514,100000.0,0.5437883515636187
355.12820512820514,225641.02564102563,1.2283247996251843
355.12820512820514,351282.05128205125,1.9143202404876927
355.12820512820514,476923.07692307694,2.601768415069162
355.12820512820514,602564.1025641025,3.290662849185867
355.12820512820514,728205.1282051282,3.9809968501063895
355.12820512820514,853846.1538461539,4.672763503108594
355.12820512820514,979487.1794871795,5.365955668043074
355.12820512820514,1105128.205128205,6.060565975906696
355.12820512820514,1230769.2307692308,6.75658682543004
355.12820512820514,1356410.2564102565,7.4540103796825745
355.12820512820514,1482051.282051282,8.152828562699618
355.12820512820514,1607692.3076923077,8.853033056135144
355.12820512820514,1733333.3333333333,9.554615295944684
355.12820512820514,1858974.358974359,10.257566469102642
355.12820512820514,1984615.3846153845,10.961877510358413
355.12820512820514,2110256.41025641,11.667539099035922
355.12820512820514,2235897.435897436,12.374541655881073
355.12820512820514,2361538.4615384615,13.08287533996196
355.12820512820514,2487179.487179487,13.79253004562652
355.12820512820514,2612820.512820513,14.503495399522595
355.12820512820514,2738461.5384615385,15.215760757685295
355.12820512820514,2864102.564102564,15.929315202696753
355.12820512820514,2989743.5897435895,16.64414754092327
355.12820512820514,3115384.6153846155,17.36024629983511
355.12820512820514,3241025.641025641,18.07759972541403
355.12820512820514,3366666.6666666665,18.796195779653885
355.12820512820514,3492307.6923076925,19.516022138159514
355.12820512820514,3617948.717948718,20.237066187849184
355.12820512820514,3743589.7435897435,20.95931502476608
355.12820512820514,3869230.769230769,21.682755452003942
355.12820512820514,3994871.794871795,22.407373977752325
355.12820512820514,4120512.8205128205,23.1331568134668
355.12820512820514,4246153.846153846,23.860089872169358
355.12820512820514,4371794.871794872,24.588158766884312
355.12820512820514,4497435.897435897,25.31734880921491
355.12820512820514,4623076.923076923,26.04764500806597
355.12820512820514,4748717.948717949,26.779032068517445
355.12820512820514,4874358.974358974,27.511494390854185
355.12820512820514,5000000.0,28.245016069756844
361.53846153846155,100000.0,0.5341106543000324
361.53846153846155,225641.02564102563,1.2063620683360468
361.53846153846155,351282.05128205125,1.8799318362509287
361.53846153846155,476923.07692307694,2.5548132253045983
361.53846153846155,602564.1025641025,3.2309993081500443
361.53846153846155,728205.1282051282,3.908482960161397
361.53846153846155,853846.1538461539,4.587256856774912
361.53846153846155,979487.1794871795,5.267313470845884
361.53846153846155,1105128.205128205,5.9486450700245275
361.53846153846155,1230769.2307692308,6.631243714154009
361.53846153846155,1356410.2564102565,7.315101252693824
361.53846153846155,1482051.282051282,8.00020932217184
361.53846153846155,1607692.3076923077,8.686559343668414
361.53846153846155,1733333.3333333333,9.374142520335973
361.53846153846155,1858974.358974359,10.062949834957626
361.53846153846155,1984615.3846153845,10.752972047548377
361.53846153846155,2110256.41025641,11.444199693002574
361.53846153846155,2235897.435897436,12.136623078791303
361.53846153846155,2361538.4615384615,12.830232282713494
361.53846153846155,2487179.487179487,13.525017150704526
361.53846153846155,2612820.512820513,14.220967294706197
361.53846153846155,2738461.5384615385,14.918072090601939
361.53846153846155,2864102.564102564,15.616320676221223
361.53846153846155,2989743.5897435895,16.315701949417086
361.53846153846155,3115384.6153846155,17.016204566220786
361.53846153846155,3241025.641025641,17.71781693907755
361.53846153846155,3366666.6666666665,18.420527235167512
361.53846153846155,3492307.6923076925,19.124323374815738
361.53846153846155,3617948.717948718,19.82919302999546
361.53846153846155,3743589.7435897435,20.53512362292849
361.53846153846155,3869230.769230769,21.24210232478685
361.53846153846155,3994871.794871795,21.950116054499524
361.53846153846155,4120512.8205128205,22.659151477668388
361.53846153846155,4246153.846153846,23.369195005597156
361.53846153846155,4371794.871794872,24.08023279443728
361.53846153846155,4497435.897435897,24.792250744454563
361.53846153846155,4623076.923076923,25.505234499420354
361.53846153846155,4748717.948717949,26.219169446130874
361.53846153846155,4874358.974358974,26.93404071405851
361.53846153846155,5000000.0,27.649833175138454
367.94871794871796,100000.0,0.5247725145036579
367.94871794871796,225641.02564102563,1.1851766544053082
367.94871794871796,351282.05128205125,1.8467710531598596
367.94871794871796,476923.07692307694,2.5095486557316784
367.94871794871796,602564.1025641025,3.1735022317969563
367.94871794871796,728205.1282051282,3.8386243737036208
367.94871794871796,853846.1538461539,4.504907494450155
367.94871794871796,979487.1794871795,5.172343825685844
367.94871794871796,1105128.205128205,5.840925415734971
367.94871794871796,1230769.2307692308,6.510644127647604
367.94871794871796,1356410.2564102565,7.181491637279561
367.94871794871796,1482051.282051282,7.853459431404341
367.94871794871796,1607692.3076923077,8.526538805859701
367.94871794871796,1733333.3333333333,9.200720863731723
367.94871794871796,1858974.358974359,9.875996513579155
367.94871794871796,1984615.3846153845,10.552356467700962
367.94871794871796,2110256.41025641,11.229791240449956
367.94871794871796,2235897.435897436,11.908291146595467
367.94871794871796,2361538.4615384615,12.587846299737981
367.94871794871796,2487179.487179487,13.268446610778856
367.94871794871796,2612820.512820513,13.950081786447974
367.94871794871796,2738461.5384615385,14.632741327892502
367.94871794871796,2864102.564102564,15.316414529329743
367.94871794871796,2989743.5897435895,16.001090476767164
367.94871794871796,3115384.6153846155,16.68675804679261
367.94871794871796,3241025.641025641,17.373405905437846
367.94871794871796,3366666.6666666665,18.06102250711844
367.94871794871796,3492307.6923076925,18.74959609365301
367.94871794871796,3617948.717948718,19.439114693364935
367.94871794871796,3743589.7435897435,20.129566120269484
367.94871794871796,3869230.769230769,20.82093797334939
367.94871794871796,3994871.794871795,21.51321763592179
367.94871794871796,4120512.8205128205,22.206392275099464
367.94871794871796,4246153.846153846,22.900448841349327
367.94871794871796,4371794.871794872,23.59537406815085
367.94871794871796,4497435.897435897,24.29115447175735
367.94871794871796,4623076.923076923,24.987776351062763
367.94871794871796,4748717.948717949,25.68522578757659
367.94871794871796,4874358.974358974,26.383488645509637
367.94871794871796,5000000.0,27.08255057197299
374.35897435897436,100000.0,0.5157563056472397
374.35897435897436,225641.02564102563,1.1647276814369474
374.35897435897436,351282.05128205125,1.814772508587233
374.35897435897436,476923.07692307694,2.4658835317625822
374.35897435897436,602564.1025641025,3.118053338335692
374.35897435897436,728205.1282051282,3.771274356860598
374.35897435897436,853846.1538461539,4.425538855567895
374.35897435897436,979487.1794871795,5.080838940884123
374.35897435897436,1105128.205128205,5.737166555977401
374.35897435897436,1230769.2307692308,6.394513479331444
374.35897435897436,1356410.2564102565,7.052871323350123
374.35897435897436,1482051.282051282,7.712231532994757
374.35897435897436,1607692.3076923077,8.372585384456357
374.35897435897436,1733333.3333333333,9.033923983865073
374.35897435897436,1858974.358974359,9.69623826603909
374.35897435897436,1984615.3846153845,10.359518993275316
374.35897435897436,2110256.41025641,11.02375675418408
374.35897435897436,2235897.435897436,11.688941962570269
374.35897435897436,2361538.4615384615,12.355064856363136
374.35897435897436,2487179.487179487,13.022115496597221
374.35897435897436,2612820.512820513,13.690083766446648
374.35897435897436,2738461.5384615385,14.358959370315196
374.35897435897436,2864102.564102564,15.028731832984523
374.35897435897436,2989743.5897435895,15.699390498822826
374.35897435897436,3115384.6153846155,16.370924531056332
374.35897435897436,3241025.641025641,17.04332291110591
374.35897435897436,3366666.6666666665,17.716574437991195
374.35897435897436,3492307.6923076925,18.390667727804406
374.35897435897436,3617948.717948718,19.065591213256226
374.35897435897436,3743589.7435897435,19.741333143295986
374.35897435897436,3869230.769230769,20.417881582808295
374.35897435897436,3994871.794871795,21.0952244123884
374.35897435897436,4120512.8205128205,21.773349328198346
374.35897435897436,4246153.846153846,22.45224384190606
374.35897435897436,4371794.871794872,23.131895280709475
374.35897435897436,4497435.897435897,23.8122907874475
374.35897435897436,4623076.923076923,24.493417320800138
374.35897435897436,4748717.948717949,25.175261655579206
374.35897435897436,4874358.974358974,25.857810383111808
374.35897435897436,5000000.0,26.541049911718275
380.7692307692308,100000.0,0.5070456051366331
380.7692307692308,225641.02564102563,1.1449771137680194
380.7692307692308,351282.05128205125,1.7838754406434467
380.7692307692308,476923.07692307694,2.423733228129671
380.7692307692308,602564.1025641025,3.0645429779157616
380.7692307692308,728205.1282051282,3.706297049900993
380.7692307692308,853846.1538461539,4.348987661106055
380.7692307692308,979487.1794871795,4.992606884609295
380.7692307692308,1105128.205128205,5.63714664850967
380.7692307692308,1230769.2307692308,6.282598734918164
380.7692307692308,1356410.2564102565,6.928954778979375
380.7692307692308,1482051.282051282,7.576206267925082
380.7692307692308,1607692.3076923077,8.224344540161532
380.7692307692308,1733333.3333333333,8.873360784392245
380.7692307692308,1858974.358974359,9.523246038778165
380.7692307692308,1984615.3846153845,10.173991190136908
380.7692307692308,2110256.41025641,10.825586973183004
380.7692307692308,2235897.435897436,11.478023969810888
380.7692307692308,2361538.4615384615,12.131292608422475
380.7692307692308,2487179.487179487,12.785383163301184
380.7692307692308,2612820.512820513,13.440285754034178
380.7692307692308,2738461.5384615385,14.095990344984664
380.7692307692308,2864102.564102564,14.75248674481603
380.7692307692308,2989743.5897435895,15.409764606069684
380.7692307692308,3115384.6153846155,16.067813424798253
380.7692307692308,3241025.641025641,16.726622540256034
380.7692307692308,3366666.6666666665,17.38618113464834
380.7692307692308,3492307.6923076925,18.046478232941563
380.7692307692308,3617948.717948718,18.707502702735503
380.7692307692308,3743589.7435897435,19.369243254199827
380.7692307692308,3869230.769230769,20.031688440076067
380.7692307692308,3994871.794871795,20.694826655746986
380.7692307692308,4120512.8205128205,21.358646139374663
380.7692307692308,4246153.846153846,22.02313497210899
380.7692307692308,4371794.871794872,22.688281078367947
380.7692307692308,4497435.897435897,23.35407222619113
380.7692307692308,4623076.923076923,24.020496027667914
380.7692307692308,4748717.948717949,24.687539939441574
380.7692307692308,4874358.974358974,25.35519126329055
380.7692307692308,5000000.0,26.02343714678831
387.1794871794872,100000.0,0.4986250928279117
387.1794871794872,225641.02564102563,1.1258895117619458
387.1794871794872,351282.05128205125,1.7540233018286135
387.1794871794872,476923.07692307694,2.3830190814744014
387.1794871794872,602564.1025641025,3.012869343698644
387.1794871794872,728205.1282051282,3.643566455274804
387.1794871794872,853846.1538461539,4.2751026559949885
387.1794871794872,979487.1794871795,4.9074700579391095
387.1794871794872,1105128.205128205,5.540660644770022
387.1794871794872,1230769.2307692308,6.174666271056075
387.1794871794872,1356410.2564102565,6.809478661622421
387.1794871794872,1482051.282051282,7.445089410932548
387.1794871794872,1607692.3076923077,8.081489982501399
387.1794871794872,1733333.3333333333,8.718671708341525
387.1794871794872,1858974.358974359,9.356625788443674
387.1794871794872,1984615.3846153845,9.995343290293278
387.1794871794872,2110256.41025641,10.634815148424183
387.1794871794872,2235897.435897436,11.27503216401114
387.1794871794872,2361538.4615384615,11.915985004502355
387.1794871794872,2487179.487179487,12.557664203293658
387.1794871794872,2612820.512820513,13.200060159445519
387.1794871794872,2738461.5384615385,13.84316313744443
387.1794871794872,2864102.564102564,14.486963267009985
387.1794871794872,2989743.5897435895,15.13145054294899
387.1794871794872,3115384.6153846155,15.776614825058015
387.1794871794872,3241025.641025641,16.42244583807563
387.1794871794872,3366666.6666666665,17.068933171685725
387.1794871794872,3492307.6923076925,17.716066280573077
387.1794871794872,3617948.717948718,18.36383448453255
387.1794871794872,3743589.7435897435,19.012226968633048
387.1794871794872,3869230.769230769,19.661232783437445
387.1794871794872,3994871.794871795,20.310840845279717
387.1794871794872,4120512.8205128205,20.96103993660026
387.1794871794872,4246153.846153846,21.611818706340696
387.1794871794872,4371794.871794872,22.263165670398962
387.1794871794872,4497435.897435897,22.915069212145912
387.1794871794872,4623076.923076923,23.567517583004317
387.1794871794872,4748717.948717949,24.220498903091038
387.1794871794872,4874358.974358974,24.874001161923555
387.1794871794872,5000000.0,25.528012219191346
393.5897435897436,100000.0,0.4904804596834646
393.5897435897436,225641.02564102563,1.1074318121936404
393.5897435897436,351282.05128205125,1.725163395371222
393.5897435897436,476923.07692307694,2.343667866056007
393.5897435897436,602564.1025641025,2.962937769525078
393.5897435897436,728205.1282051282,3.582965538980455
393.5897435897436,853846.1538461539,4.203743495059072
393.5897435897436,979487.1794871795,4.825263845366192
393.5897435897436,1105128.205128205,5.447518684033322
393.5897435897436,1230769.2307692308,6.070499991301812
393.5897435897436,1356410.2564102565,6.694199633133165
393.5897435897436,1482051.282051282,7.318609360847238
393.5897435897436,1607692.3076923077,7.943720810789435
393.5897435897436,1733333.3333333333,8.569525504027977
393.5897435897436,1858974.358974359,9.196014846082418
393.5897435897436,1984615.3846153845,9.82318012668446
393.5897435897436,2110256.41025641,10.451012519572206
393.5897435897436,2235897.435897436,11.079503082318979
393.5897435897436,2361538.4615384615,11.708642756197678
393.5897435897436,2487179.487179487,12.338422366081932
393.5897435897436,2612820.512820513,12.96883262038497
393.5897435897436,2738461.5384615385,13.599864111037322
393.5897435897436,2864102.564102564,14.231507313504395
393.5897435897436,2989743.5897435895,14.863752586844976
393.5897435897436,3115384.6153846155,15.496590173811597
393.5897435897436,3241025.641025641,16.130010200993798
393.5897435897436,3366666.6666666665,16.764002679005287
393.5897435897436,3492307.6923076925,17.39855750271587
393.5897435897436,3617948.717948718,18.0336644515291
393.5897435897436,3743589.7435897435,18.66931318970658
393.5897435897436,3869230.769230769,19.305493266739706
393.5897435897436,3994871.794871795,19.942194117769745
393.5897435897436,4120512.8205128205,20.57940506405706
393.5897435897436,4246153.846153846,21.217115313500123
393.5897435897436,4371794.871794872,21.855313961205304
393.5897435897436,4497435.897435897,22.49398999010783
393.5897435897436,4623076.923076923,23.133132271644858
393.5897435897436,4748717.948717949,23.772729566481008
393.5897435897436,4874358.974358974,24.41277052528723
393.5897435897436,5000000.0,25.053243689573282
400.0,100000.0,0.4825983253993427
400.0,225641.02564102563,1.0895731307483252
400.0,351282.05128205125,1.6972465490467117
400.0,476923.07692307694,2.3056113246860868
400.0,602564.1025641025,2.9146601030957107
400.0,728205.1282051282,3.5243854304415705
400.0,853846.1538461539,4.134779753346295
400.0,979487.1794871795,4.74583541863082
400.0,1105128.205128205,5.357544673078688
400.0,1230769.2307692308,5.969899663223848
400.0,1356410.2564102565,6.582892435162856
400.0,1482051.282051282,7.196514934392336
400.0,1607692.3076923077,7.810759005672598
400.0,1733333.3333333333,8.425616392918272
400.0,1858974.358974359,9.041078739116829
400.0,1984615.3846153845,9.657137586275823
400.0,2110256.41025641,10.273784375399803
400.0,2235897.435897436,10.891010446497598
400.0,2361538.4615384615,11.508807038620912
400.0,2487179.487179487,12.127165289935045
400.0,2612820.512820513,12.74607623782252
400.0,2738461.5384615385,13.365530819020384
400.0,2864102.564102564,13.985519869792101
400.0,2989743.5897435895,14.606034126134618
400.0,3115384.6153846155,15.2270642240215
400.0,3241025.641025641,15.848600699682798
400.0,3366666.6666666665,16.470633989922373
400.0,3492307.6923076925,17.09315443247338
400.0,3617948.717948718,17.71615226639253
400.0,3743589.7435897435,18.33961763249386
400.0,3869230.769230769,18.96354057382252
400.0,3994871.794871795,19.587911036169267
400.0,4120512.8205128205,20.212718868626162
400.0,4246153.846153846,20.837953824184044
400.0,4371794.871794872,21.463605560372237
400.0,4497435.897435897,22.089663639941037
400.0,4623076.923076923,22.71611753158737
400.0,4748717.948717949,23.342956610723952
400.0,4874358.974358974,23.970170160292543
400.0,5000000.0,24.597747371621406
